<Entity tags="mortal,hittable,homing_target,wand_ghost" name="$animal_wand_ghost">
<StreamingKeepAliveComponent />
	<Base file="data/entities/base_wand_ghost.xml" >
		<CameraBoundComponent
			_enabled="0"
			max_count="30"
			distance="160000">
		</CameraBoundComponent>

		<GenomeDataComponent 
			herd_id="player"
			food_chain_rank="7"
			is_predator="1" >
		</GenomeDataComponent>

        	<HitboxComponent
		_enabled="1"
		aabb_min_x="-25" 
		aabb_max_x="25" 
		aabb_min_y="-25" 
		aabb_max_y="25"
		damage_multiplier="1.0" >
	</HitboxComponent>

	</Base>
    
	<LifetimeComponent
		lifetime="100"
	/>

	<LuaComponent 
        execute_every_n_frame="3599"
        remove_after_executed="1"
        script_source_file="data/scripts/misc/drop_all_items.lua" 
	>
    </LuaComponent>

</Entity>