<Entity name="$projectile_default" tags="projectile_player" >

	<Base file="data/entities/base_projectile.xml" >
	</Base>

  <ProjectileComponent 
    _enabled="1" 
    lob_min="0.8"
    lob_max="1.0"
    speed_min="0"
    speed_max="400"
    friction="3.0"
    direction_random_rad="0"
    on_death_explode="1"
    on_death_gfx_leave_sprite="0" 
    on_lifetime_out_explode="1"
    ground_collision_fx="1"
    explosion_dont_damage_shooter="1" 
    on_collision_die="1"
    lifetime="1"
    damage="0.0"
    velocity_sets_scale="1"
    lifetime_randomness="0"
    ragdoll_force_multiplier="0.01"
    hit_particle_force_multiplier="0.25 "
    camera_shake_when_shot="2.0"
    ragdoll_fx_on_collision="BLOOD_SPRAY"
    collect_materials_to_shooter="1"
    collide_with_tag="hittable"
    on_death_item_pickable_radius="10"
	shoot_light_flash_r="255"
    shoot_light_flash_g="240"
    shoot_light_flash_b="30"
    shoot_light_flash_radius="32"
    >
    <config_explosion
      never_cache="1" 
      camera_shake="1.5" 
      explosion_radius="3"
      explosion_sprite="data/particles/spark_0$[1-3].xml" 
      explosion_sprite_lifetime="0" 
      create_cell_probability="0" 
      hole_destroy_liquid="0" 
      hole_enabled="1" 
      damage="0"
      ray_energy="20000"
      hole_image="data/temp/explosion_hole.png" 
      particle_effect="0" 
      damage_mortals="1"
	  physics_explosion_power.min="0.2" 
      physics_explosion_power.max="0.3" 
      physics_throw_enabled="1" 
      shake_vegetation="1" 
      sparks_count_max="3"
      sparks_count_min="1" 
      sparks_enabled="0"
      material_sparks_enabled="1"
      material_sparks_count_max="1"
      material_sparks_count_min="0" 
      gore_particle_count="10"
      light_fade_time="0.029"
      stains_enabled="1"
      stains_radius="2"
      is_digger="1"
      audio_enabled="0" >
    </config_explosion>
    <damage_by_type slice="0.51" >
    </damage_by_type>
  </ProjectileComponent>
  
  <ParticleEmitterComponent 
    emitted_material_name="smoke"
    count_min="10"
    count_max="17"
    offset.x="0"
    offset.y="1"
    x_pos_offset_min="0"
    y_pos_offset_min="0"
    x_pos_offset_max="0"
    y_pos_offset_max="0"
    x_vel_min="-10"
    x_vel_max="10"
    y_vel_min="-10"
    y_vel_max="10"
    count_min="5"
    count_max="5"
    lifetime_min="0.1"
    lifetime_max="0.3"
    create_real_particles="1"
    emit_cosmetic_particles="0"
    emission_interval_min_frames="1"
    emission_interval_max_frames="2"
    is_emitting="1" >
  </ParticleEmitterComponent>
	
	<VariableStorageComponent
		name="projectile_file"
		value_string="data/entities/projectiles/deck/chainsaw.xml"
		>
	</VariableStorageComponent>
</Entity>

